20030716001806	text/html	http://www.ktown213.com:80/
20030716054337	text/html	http://www.ktown213.com:80/advertise.html
20030802040523	text/html	http://www.ktown213.com:80/arcade.html
20050924192424	text/html	http://ktown213.com:80/arcade2.html
20050306121311	text/html	http://ktown213.com:80/arcade_content.html
20041013184303	text/html	http://www.ktown213.com:80/article_content.htm
20030712040644	text/html	http://ktown213.com:80/articles.html
20030731111555	text/html	http://ktown213.com:80/articles/1.html
20031010191839	text/html	http://www.ktown213.com:80/articles/2.htm
20031010192022	text/html	http://www.ktown213.com:80/articles/3.html
20031010192124	text/html	http://www.ktown213.com:80/articles/affirm.htm
20041211225651	text/html	http://www.ktown213.com:80/articles/article_content.htm
20041022185247	text/html	http://www.ktown213.com:80/articles/artof.htm
20041211234641	text/html	http://www.ktown213.com:80/articles/artof2.htm
20050205162928	text/html	http://ktown213.com:80/articles/artof3.htm
20030924074432	text/html	http://www.ktown213.com:80/articles/boba.htm
20041205074610	text/html	http://www.ktown213.com:80/articles/casual.htm
20050405223157	text/html	http://ktown213.com:80/articles/cineville.htm
20050205163439	text/html	http://ktown213.com:80/articles/comic.htm
20050306002737	text/html	http://ktown213.com:80/articles/comic/collegeboys1.html
20050306014447	text/html	http://ktown213.com:80/articles/comic/collegeboys2.html
20050306024007	text/html	http://ktown213.com:80/articles/comic/collegeboys3.html
20050306065021	text/html	http://ktown213.com:80/articles/comic/collegeboys4.html
20050306075130	text/html	http://ktown213.com:80/articles/comic/collegeboys5.html
20050308201254	text/html	http://ktown213.com:80/articles/comic/collegeboys6.html
20050308175928	text/html	http://ktown213.com:80/articles/comic/collegeboys7.html
20050306003307	text/html	http://ktown213.com:80/articles/comic/collegeboys8.html
20050305221926	text/html	http://ktown213.com:80/articles/comic/collegeboys9.html
20050306020230	text/html	http://ktown213.com:80/articles/comic/ppag1.html
20050404092009	text/html	http://www.ktown213.com:80/articles/comic/ppag10.html
20050404080912	text/html	http://www.ktown213.com:80/articles/comic/ppag11.html
20050404070746	text/html	http://www.ktown213.com:80/articles/comic/ppag12.html
20051118185229	text/html	http://www.ktown213.com:80/articles/comic/ppag13.html
20050306084430	text/html	http://ktown213.com:80/articles/comic/ppag2.html
20050306103054	text/html	http://ktown213.com:80/articles/comic/ppag3.html
20050306143127	text/html	http://ktown213.com:80/articles/comic/ppag4.html
20050308201531	text/html	http://ktown213.com:80/articles/comic/ppag5.html
20050306074607	text/html	http://ktown213.com:80/articles/comic/ppag6.html
20050306060616	text/html	http://ktown213.com:80/articles/comic/ppag7.html
20050306020512	text/html	http://ktown213.com:80/articles/comic/ppag8.html
20050305225711	text/html	http://ktown213.com:80/articles/comic/ppag9.html
20050406062304	text/html	http://www.ktown213.com:80/articles/comic2.htm
20050406125842	text/html	http://www.ktown213.com:80/articles/comic2/mistersausage.html
20050406135913	text/html	http://www.ktown213.com:80/articles/comic2/mistersausage2.html
20051118193901	text/html	http://www.ktown213.com:80/articles/comic2/mistersausage20.html
20050406155612	text/html	http://www.ktown213.com:80/articles/comic2/mistersausage3.html
20050406170218	text/html	http://www.ktown213.com:80/articles/comic2/mistersausage4.html
20050406182854	text/html	http://www.ktown213.com:80/articles/comic2/mistersausage5.html
20051118193812	text/html	http://www.ktown213.com:80/articles/comic2/mistersausage6.html
20050831130818	text/html	http://www.ktown213.com:80/articles/comic2/mistersausage7.html
20050406111530	text/html	http://www.ktown213.com:80/articles/comic2/mistersausage8.html
20031010192628	text/html	http://www.ktown213.com:80/articles/dating.htm
20041205080519	text/html	http://www.ktown213.com:80/articles/dearpres.htm
20041013192605	text/html	http://www.ktown213.com:80/articles/disclaimer.html
20031010192937	text/html	http://www.ktown213.com:80/articles/gang.htm
20030919021458	text/html	http://www.ktown213.com:80/articles/gang2.htm
20031010193350	text/html	http://www.ktown213.com:80/articles/gang3.htm
20030919021338	text/html	http://www.ktown213.com:80/articles/gang4.htm
20050205164656	text/html	http://ktown213.com:80/articles/giveupyourseat.htm
20041010225836	text/html	http://www.ktown213.com:80/articles/haroldkumar.htm
20030812234527	text/html	http://www.ktown213.com:80/articles/kobe.htm
20050205165336	text/html	http://ktown213.com:80/articles/koffee1.htm
20050901134822	text/html	http://www.ktown213.com:80/articles/koffee2.htm
20050205154033	text/html	http://ktown213.com:80/articles/koffee4.htm
20050205154056	text/html	http://ktown213.com:80/articles/koffee5.htm
20050205154351	text/html	http://ktown213.com:80/articles/koffee6.htm
20050406062719	text/html	http://www.ktown213.com:80/articles/koffee8.htm
20041022191118	text/html	http://www.ktown213.com:80/articles/koreanpride.htm
20040611224855	text/html	http://ktown213.com:80/articles/ktown.htm
20040807084416	text/html	http://ktown213.com:80/articles/ktownman1.htm
20040611225840	text/html	http://ktown213.com:80/articles/ktownman2.htm
20040611230848	text/html	http://ktown213.com:80/articles/ktownman3.htm
20040611231235	text/html	http://ktown213.com:80/articles/ktownman4.htm
20050205155343	text/html	http://ktown213.com:80/articles/letter.htm
20041211224711	text/html	http://www.ktown213.com:80/articles/nk.htm
20050327034135	text/html	http://ktown213.com:80/articles/review_fm.htm
20050406063011	text/html	http://www.ktown213.com:80/articles/review_gb.htm
20050205155654	text/html	http://ktown213.com:80/articles/submit.htm
20041211225942	text/html	http://www.ktown213.com:80/articles/swan.htm
20050205160127	text/html	http://ktown213.com:80/articles/welcometola.htm
20040206011406	text/html	http://www.ktown213.com:80/articles_archive.html
20031218055444	text/html	http://ktown213.com:80/banners/orchid/orchid.htm
20041031032250	text/html	http://ktown213.com:80/bball.htm
20050421045302	text/html	http://ktown213.com:80/bloggers/blog1.html
20050421045653	text/html	http://ktown213.com:80/bloggers/blog2.html
20050421045725	text/html	http://ktown213.com:80/bloggers/blog3.html
20050421050037	text/html	http://ktown213.com:80/bloggers/blog4.html
20050421050124	text/html	http://ktown213.com:80/bloggers/blog5.html
20050421050305	text/html	http://ktown213.com:80/bloggers/blog6.html
20050421050449	text/html	http://ktown213.com:80/bloggers/blog7.html
20050421050604	text/html	http://ktown213.com:80/bloggers/blog8.html
20030818000804	text/html	http://ktown213.com:80/confirmation.html
20030712041235	text/html	http://ktown213.com:80/contact.html
20030712041727	text/html	http://ktown213.com:80/cyber.html
20030815105725	text/html	http://www.ktown213.com:80/cyberkoreans/
20041028031411	text/html	http://ktown213.com:80/demo.html
20030712041444	text/html	http://ktown213.com:80/directory.html
20030712042028	text/html	http://ktown213.com:80/events.html
20041109070159	text/html	http://www.ktown213.com:80/events/159.html
20040911162657	text/html	http://ktown213.com:80/events/159fridays.html
20050111124514	text/html	http://www.ktown213.com:80/events/159wed.html
20040614062442	text/html	http://ktown213.com:80/events/angelika.html
20040825084859	text/html	http://www.ktown213.com:80/events/collective.html
20040624022427	text/html	http://www.ktown213.com:80/events/crystal.html
20040205022827	text/html	http://www.ktown213.com:80/events/dimension.html
20041215201655	text/html	http://www.ktown213.com:80/events/ellen.html
20040614062701	text/html	http://ktown213.com:80/events/glam.html
20040807035446	text/html	http://ktown213.com:80/events/glam2.html
20040614063353	text/html	http://ktown213.com:80/events/go.html
20040614063529	text/html	http://ktown213.com:80/events/go2.html
20040825084927	text/html	http://www.ktown213.com:80/events/go3.html
20041022182658	text/html	http://ktown213.com:80/events/halloween.html
20041024112512	text/html	http://www.ktown213.com:80/events/kollabcontest.html
20040413072536	text/html	http://www.ktown213.com:80/events/leprive.html
20040602194344	text/html	http://ktown213.com:80/events/lifted.html
20040614064058	text/html	http://ktown213.com:80/events/made.html
20050207154340	text/html	http://ktown213.com:80/events/movement.html
20040807040101	text/html	http://ktown213.com:80/events/nex.html
20050207155455	text/html	http://ktown213.com:80/events/nex2.html
20040413090014	text/html	http://www.ktown213.com:80/events/on.html
20050207161134	text/html	http://ktown213.com:80/events/on2.html
20040807040622	text/html	http://ktown213.com:80/events/orchid.html
20031214042542	text/html	http://ktown213.com:80/events/phnightlife.html
20040125025459	text/html	http://www.ktown213.com:80/events/pk.html
20031216060727	text/html	http://www.ktown213.com:80/events/pointe.html
20040116031456	text/html	http://ktown213.com:80/events/prokreation.html
20041011120821	text/html	http://ktown213.com:80/events/taegukki.html
20050207162404	text/html	http://ktown213.com:80/events/underworld.html
20040413093920	text/html	http://www.ktown213.com:80/events/visionshock.html
20040413113836	text/html	http://www.ktown213.com:80/events/visionshock2.html
20040614070906	text/html	http://ktown213.com:80/events/visionshock3.html
20040726041814	text/html	http://www.ktown213.com:80/events/wccontest.html
20040413115126	text/html	http://www.ktown213.com:80/events/wiltern.html
20050421022946	text/html	http://ktown213.com:80/exe.html
20040807082651	text/html	http://www.ktown213.com:80/goktownfate.htm
20040826143322	text/html	http://www.ktown213.com:80/gopop2.htm
20030712042852	text/html	http://ktown213.com:80/help.html
20030724111913	text/html	http://www.ktown213.com:80/index.html
20040917065939	text/html	http://ktown213.com:80/kollab1.html
20040917070001	text/html	http://ktown213.com:80/kollab2.html
20031008223100	text/html	http://ktown213.com:80/latest_topics2.html
20030712043507	text/html	http://ktown213.com:80/links.html
20050306185621	text/html	http://ktown213.com:80/marathon.html
20050306022553	text/html	http://www.ktown213.com:80/marathonmap.html
20050301030314	text/html	http://ktown213.com:80/missing.html
20040212084508	text/html	http://www.ktown213.com:80/newsletter.html
20030712043958	text/html	http://ktown213.com:80/newsletter/easyletter.php
20041022235559	text/html	http://www.ktown213.com:80/newsupdate.htm
20031202223716	text/html	http://ktown213.com:80/paul.html
20041118041428	text/html	http://ktown213.com:80/paul/bball.htm
20040327033700	text/html	http://ktown213.com:80/paul/jerry/2/img/scroll/scroll1.htm
20040327034625	text/html	http://ktown213.com:80/paul/jerry/2/img/scroll/scroll2.htm
20040327035149	text/html	http://ktown213.com:80/paul/jerry/2/img/scroll/scroll3.htm
20041216032514	text/html	http://www.ktown213.com:80/paul/v2/img/scroll/scroll1.htm
20041216033243	text/html	http://www.ktown213.com:80/paul/v2/img/scroll/scroll2.htm
20041216031755	text/html	http://www.ktown213.com:80/paul/v2/img/scroll/scroll3.htm
20041216032412	text/html	http://www.ktown213.com:80/paul/v2/img/scroll/scroll4.htm
20041215213340	text/html	http://www.ktown213.com:80/paul/v2/img/scroll/scroll_script.htm
20041211185525	text/html	http://www.ktown213.com:80/paul/v2/index_goog.htm
20041215213846	text/html	http://www.ktown213.com:80/paul/v2/latest_topics2.html
20041215212638	text/html	http://www.ktown213.com:80/paul/v2/newsletter.html
20041215213336	text/html	http://www.ktown213.com:80/paul/v2/update.htm
20030715232857	text/html	http://www.ktown213.com:80/photos.html
20050204025850	text/html	http://ktown213.com:80/pictures/159/010805/1.html
20050207163837	text/html	http://ktown213.com:80/pictures/159/010805/2.html
20050207164653	text/html	http://ktown213.com:80/pictures/159/010805/3.html
20050204021540	text/html	http://www.ktown213.com:80/pictures/159/012105/1.html
20050204022147	text/html	http://www.ktown213.com:80/pictures/159/012105/2.html
20050204024441	text/html	http://www.ktown213.com:80/pictures/159/012105/3.html
20050207182640	text/html	http://www.ktown213.com:80/pictures/159/012105/4.html
20050204025831	text/html	http://www.ktown213.com:80/pictures/159/012705/1.html
20050204030621	text/html	http://www.ktown213.com:80/pictures/159/012705/2.html
20050207184505	text/html	http://www.ktown213.com:80/pictures/159/012705/3.html
20050212042821	text/html	http://www.ktown213.com:80/pictures/159/020505/1.html
20050212110727	text/html	http://www.ktown213.com:80/pictures/159/020505/2.html
20050212110733	text/html	http://www.ktown213.com:80/pictures/159/020505/3.html
20050212110821	text/html	http://www.ktown213.com:80/pictures/159/020505/4.html
20050212104458	text/html	http://www.ktown213.com:80/pictures/159/020505/5.html
20050216144306	text/html	http://www.ktown213.com:80/pictures/159/021105/1.html
20050216214533	text/html	http://www.ktown213.com:80/pictures/159/021105/2.html
20050216214542	text/html	http://www.ktown213.com:80/pictures/159/021105/3.html
20050224085226	text/html	http://ktown213.com:80/pictures/159/022005/1.html
20050306021733	text/html	http://www.ktown213.com:80/pictures/159/022005/2.html
20050301041245	text/html	http://www.ktown213.com:80/pictures/159/022005/3.html
20050306033729	text/html	http://ktown213.com:80/pictures/159/022505/1.html
20050306053139	text/html	http://ktown213.com:80/pictures/159/022505/2.html
20050306053719	text/html	http://ktown213.com:80/pictures/159/022505/3.html
20050311092442	text/html	http://www.ktown213.com:80/pictures/159/030405/1.html
20050311150513	text/html	http://www.ktown213.com:80/pictures/159/030405/2.html
20050319083735	text/html	http://www.ktown213.com:80/pictures/159/031105/1.html
20050319145507	text/html	http://www.ktown213.com:80/pictures/159/031105/2.html
20050415062007	text/html	http://www.ktown213.com:80/pictures/159/040805/1.html
20050415082255	text/html	http://www.ktown213.com:80/pictures/159/040805/2.html
20051118185649	text/html	http://www.ktown213.com:80/pictures/159/040805/3.html
20050911025537	text/html	http://www.ktown213.com:80/pictures/159/041505/1.html
20051118181733	text/html	http://www.ktown213.com:80/pictures/159/041505/2.html
20051118185721	text/html	http://www.ktown213.com:80/pictures/159/041505/3.html
20051118185803	text/html	http://www.ktown213.com:80/pictures/159/041505/4.html
20050607010657	text/html	http://ktown213.com:80/pictures/159/052905/1.html
20050610023855	text/html	http://www.ktown213.com:80/pictures/159/052905/2.html
20051118185911	text/html	http://www.ktown213.com:80/pictures/159/052905/3.html
20051118185935	text/html	http://www.ktown213.com:80/pictures/159/052905/4.html
20051118184856	text/html	http://ktown213.com:80/pictures/159/082005/1.html
20040917031103	text/html	http://ktown213.com:80/pictures/159/091004/091004.html
20040917070030	text/html	http://ktown213.com:80/pictures/159/091004/091004_2.html
20041024113231	text/html	http://www.ktown213.com:80/pictures/159/100804/100804.html
20041024165044	text/html	http://www.ktown213.com:80/pictures/159/100804/100804_2.html
20041024165918	text/html	http://www.ktown213.com:80/pictures/159/100804/100804_3.html
20041027153635	text/html	http://ktown213.com:80/pictures/159/101604/101604.html
20041028043133	text/html	http://ktown213.com:80/pictures/159/101604/101604_2.html
20041028042530	text/html	http://ktown213.com:80/pictures/159/101604/101604_3.html
20041028043003	text/html	http://ktown213.com:80/pictures/159/101604/101604_4.html
20041109075125	text/html	http://ktown213.com:80/pictures/159/103004/103004.html
20041112063824	text/html	http://www.ktown213.com:80/pictures/159/103004/103004_2.html
20041112064457	text/html	http://www.ktown213.com:80/pictures/159/103004/103004_3.html
20041211180840	text/html	http://ktown213.com:80/pictures/159/112404/1.html
20041215212652	text/html	http://ktown213.com:80/pictures/159/112404/2.html
20041215213300	text/html	http://ktown213.com:80/pictures/159/112404/3.html
20041215213557	text/html	http://ktown213.com:80/pictures/159/112404/4.html
20041215212912	text/html	http://ktown213.com:80/pictures/159/112404/5.html
20041215213158	text/html	http://ktown213.com:80/pictures/159/112404/6.html
20041215192521	text/html	http://ktown213.com:80/pictures/159/120404/1.html
20041216033157	text/html	http://ktown213.com:80/pictures/159/120404/2.html
20041109080025	text/html	http://ktown213.com:80/pictures/213/102904/102904.html
20041110023406	text/html	http://ktown213.com:80/pictures/213/102904/102904_2.html
20031101020750	text/html	http://www.ktown213.com:80/pictures/213/launch.html
20031101020831	text/html	http://www.ktown213.com:80/pictures/213/launch2.html
20040622013033	text/html	http://www.ktown213.com:80/pictures/213/launch3.html
20031101021928	text/html	http://www.ktown213.com:80/pictures/213/launch4.html
20040710181855	text/html	http://www.ktown213.com:80/pictures/anime/2004.html
20031008224519	text/html	http://www.ktown213.com:80/pictures/atlas/set1.html
20030807011758	text/html	http://www.ktown213.com:80/pictures/atlas/set2.htm
20030919022411	text/html	http://www.ktown213.com:80/pictures/atlas/set3.htm
20030815090925	text/html	http://ktown213.com:80/pictures/atlas/set4.htm
20040327034737	text/html	http://www.ktown213.com:80/pictures/auto/0304.html
20040327035500	text/html	http://www.ktown213.com:80/pictures/auto/0304_2.html
20040327033657	text/html	http://www.ktown213.com:80/pictures/auto/0304_3.html
20040327034416	text/html	http://www.ktown213.com:80/pictures/auto/0304_4.html
20040327035656	text/html	http://www.ktown213.com:80/pictures/auto/0304_5.html
20040327033842	text/html	http://www.ktown213.com:80/pictures/auto/0304_6.html
20031008231603	text/html	http://www.ktown213.com:80/pictures/auto/auto_1.htm
20031008232254	text/html	http://www.ktown213.com:80/pictures/auto/auto_2.htm
20031210061512	text/html	http://www.ktown213.com:80/pictures/auto/auto_3.htm
20051118182829	text/html	http://ktown213.com:80/pictures/auto/evo/1.html
20050311092611	text/html	http://www.ktown213.com:80/pictures/auto/hin05/1.html
20050311150814	text/html	http://www.ktown213.com:80/pictures/auto/hin05/2.html
20050311150950	text/html	http://www.ktown213.com:80/pictures/auto/hin05/3.html
20050311151131	text/html	http://www.ktown213.com:80/pictures/auto/hin05/4.html
20040112162353	text/html	http://ktown213.com:80/pictures/bistro/010204.html
20040206012804	text/html	http://www.ktown213.com:80/pictures/bistro/013104.html
20030812223358	text/html	http://www.ktown213.com:80/pictures/bistro/071103.htm
20030812223847	text/html	http://www.ktown213.com:80/pictures/bistro/071803.htm
20030812224441	text/html	http://www.ktown213.com:80/pictures/bistro/072603.html
20031009000458	text/html	http://www.ktown213.com:80/pictures/bistro/090603.html
20031009002500	text/html	http://www.ktown213.com:80/pictures/bistro/092603.html
20031023010343	text/html	http://ktown213.com:80/pictures/bistro/101803.html
20031226073152	text/html	http://www.ktown213.com:80/pictures/blacksheep/122003.html
20050612005002	text/html	http://ktown213.com:80/pictures/blended/052905/1.html
20051118191829	text/html	http://ktown213.com:80/pictures/blended/052905/2.html
20051118191857	text/html	http://ktown213.com:80/pictures/blended/052905/3.html
20051118182114	text/html	http://ktown213.com:80/pictures/blended/081205/1.html
20051118191926	text/html	http://ktown213.com:80/pictures/blended/081905/1.html
20030724112621	text/html	http://www.ktown213.com:80/pictures/bleu/bleu.htm
20040125025515	text/html	http://www.ktown213.com:80/pictures/blink/011804.html
20040229054003	text/html	http://www.ktown213.com:80/pictures/blink/022104.html
20040502204923	text/html	http://www.ktown213.com:80/pictures/blink/042404.html
20040406005829	text/html	http://www.ktown213.com:80/pictures/blink/090603.html
20040406010958	text/html	http://www.ktown213.com:80/pictures/blink/091203.html
20031002012542	text/html	http://www.ktown213.com:80/pictures/blink/092603.html
20031009030646	text/html	http://www.ktown213.com:80/pictures/blink/100203.html
20040208014158	text/html	http://www.ktown213.com:80/pictures/blink/101103.html
20041027153258	text/html	http://ktown213.com:80/pictures/blink/101504/101504.html
20040207023359	text/html	http://www.ktown213.com:80/pictures/blink/111403.html
20040406005535	text/html	http://www.ktown213.com:80/pictures/blink/112903.html
20031009003942	text/html	http://www.ktown213.com:80/pictures/bliss/071803.html
20031009004745	text/html	http://www.ktown213.com:80/pictures/bliss/072603.html
20031009005240	text/html	http://www.ktown213.com:80/pictures/bliss/092603.html
20040207022410	text/html	http://www.ktown213.com:80/pictures/bohemian/010204.html
20030812225251	text/html	http://www.ktown213.com:80/pictures/bohemian/070403.html
20030812225902	text/html	http://www.ktown213.com:80/pictures/bohemian/071803.html
20030812225604	text/html	http://www.ktown213.com:80/pictures/bohemian/072603.html
20030829011041	text/html	http://www.ktown213.com:80/pictures/bohemian/082103.html
20031009014136	text/html	http://www.ktown213.com:80/pictures/bohemian/090603.html
20031209165342	text/html	http://ktown213.com:80/pictures/bohemian/112903.html
20031206035602	text/html	http://www.ktown213.com:80/pictures/canteen/canteen.html
20030724112710	text/html	http://www.ktown213.com:80/pictures/chingoo/070403.html
20031009032536	text/html	http://www.ktown213.com:80/pictures/chingoo/080303.html
20031009034200	text/html	http://www.ktown213.com:80/pictures/chingoo/090603.html
20041215034818	text/html	http://www.ktown213.com:80/pictures/climax/120304/1.html
20041215121216	text/html	http://www.ktown213.com:80/pictures/climax/120304/2.html
20041215121815	text/html	http://www.ktown213.com:80/pictures/climax/120304/3.html
20040623024326	text/html	http://ktown213.com:80/pictures/closecall/premiere.html
20040710181932	text/html	http://www.ktown213.com:80/pictures/crystal/062504/062504.html
20040711022725	text/html	http://www.ktown213.com:80/pictures/crystal/062504/062504_2.html
20040711022752	text/html	http://www.ktown213.com:80/pictures/crystal/062504/062504_3.html
20040711022808	text/html	http://www.ktown213.com:80/pictures/crystal/062504/062504_4.html
20040711022827	text/html	http://www.ktown213.com:80/pictures/crystal/062504/062504_5.html
20040808043943	text/html	http://ktown213.com:80/pictures/crystal/072404/072404_2.html
20040808044055	text/html	http://ktown213.com:80/pictures/crystal/072404/072404_3.html
20040822001944	text/html	http://www.ktown213.com:80/pictures/crystal/081404/081404.html
20040822091015	text/html	http://www.ktown213.com:80/pictures/crystal/081404/081404_2.html
20040212151040	text/html	http://www.ktown213.com:80/pictures/dimension/dimension_2.html
20040212151333	text/html	http://www.ktown213.com:80/pictures/dimension/dimension_3.html
20040212151608	text/html	http://www.ktown213.com:80/pictures/dimension/dimension_4.html
20040212151833	text/html	http://www.ktown213.com:80/pictures/dimension/dimension_6.html
20031021000122	text/html	http://ktown213.com:80/pictures/drift/drift.html
20031021000154	text/html	http://ktown213.com:80/pictures/drift/drift2.html
20031021000035	text/html	http://ktown213.com:80/pictures/drift/drift3.html
20040206013636	text/html	http://www.ktown213.com:80/pictures/dvd/dvd.html
20050912104613	text/html	http://www.ktown213.com:80/pictures/elevatedone/041405/1.html
20050423201917	text/html	http://ktown213.com:80/pictures/elevatedone/041405/2.html
20051118193111	text/html	http://www.ktown213.com:80/pictures/elevatedone/041405/3.html
20030812235123	text/html	http://www.ktown213.com:80/pictures/festival/index.htm
20051224040957	text/html	http://www.ktown213.com:80/pictures/forte/121605/1.html
20051224032652	text/html	http://www.ktown213.com:80/pictures/forte/121605/2.html
20050327034244	text/html	http://ktown213.com:80/pictures/ghetto/1.html
20050507050822	text/html	http://www.ktown213.com:80/pictures/glam/042105/1.html
20050507051958	text/html	http://www.ktown213.com:80/pictures/glam/042105/2.html
20051118190804	text/html	http://www.ktown213.com:80/pictures/glam/042105/3.html
20051118190829	text/html	http://www.ktown213.com:80/pictures/glam/042105/4.html
20051118190858	text/html	http://www.ktown213.com:80/pictures/glam/042105/5.html
20050507140059	text/html	http://www.ktown213.com:80/pictures/glam/042805/1.html
20050507164844	text/html	http://www.ktown213.com:80/pictures/glam/042805/2.html
20050524180116	text/html	http://www.ktown213.com:80/pictures/glam/051405/1.html
20050525232347	text/html	http://www.ktown213.com:80/pictures/glam/051405/2.html
20050525232440	text/html	http://www.ktown213.com:80/pictures/glam/051405/3.html
20051118190150	text/html	http://ktown213.com:80/pictures/glam/081305/1.html
20051118190217	text/html	http://ktown213.com:80/pictures/glam/082005/1.html
20051118190925	text/html	http://www.ktown213.com:80/pictures/glam/091005/1.html
20051118190256	text/html	http://ktown213.com:80/pictures/glam/091705/1.html
20051125150329	text/html	http://www.ktown213.com:80/pictures/glam/111205/1.html
20051215051755	text/html	http://www.ktown213.com:80/pictures/glam/120305/1.html
20050204032230	text/html	http://www.ktown213.com:80/pictures/go/012905/1.html
20050207185019	text/html	http://www.ktown213.com:80/pictures/go/012905/2.html
20050207190227	text/html	http://www.ktown213.com:80/pictures/go/012905/3.html
20050207191118	text/html	http://www.ktown213.com:80/pictures/go/012905/4.html
20050216144325	text/html	http://www.ktown213.com:80/pictures/go/021205/1.html
20050216214551	text/html	http://www.ktown213.com:80/pictures/go/021205/2.html
20050216214557	text/html	http://www.ktown213.com:80/pictures/go/021205/3.html
20050306040232	text/html	http://ktown213.com:80/pictures/go/022605/1.html
20050306052153	text/html	http://ktown213.com:80/pictures/go/022605/2.html
20050306052601	text/html	http://ktown213.com:80/pictures/go/022605/3.html
20050319083913	text/html	http://www.ktown213.com:80/pictures/go/031205/1.html
20050319145548	text/html	http://www.ktown213.com:80/pictures/go/031205/2.html
20050319145700	text/html	http://www.ktown213.com:80/pictures/go/031205/3.html
20050830005128	text/html	http://www.ktown213.com:80/pictures/go/032605/1.html
20051118184701	text/html	http://www.ktown213.com:80/pictures/go/032605/2.html
20050816190845	text/html	http://www.ktown213.com:80/pictures/go/032605/3.html
20050828065439	text/html	http://www.ktown213.com:80/pictures/go/032605/4.html
20050507140140	text/html	http://www.ktown213.com:80/pictures/go/043005/1.html
20050507164502	text/html	http://www.ktown213.com:80/pictures/go/043005/2.html
20050507164615	text/html	http://www.ktown213.com:80/pictures/go/043005/3.html
20040529014606	text/html	http://www.ktown213.com:80/pictures/go/050704.html
20040604032259	text/html	http://www.ktown213.com:80/pictures/go/050704_2.html
20040529014922	text/html	http://www.ktown213.com:80/pictures/go/051404.html
20040529014339	text/html	http://www.ktown213.com:80/pictures/go/051404_2.html
20040529014634	text/html	http://www.ktown213.com:80/pictures/go/051404_3.html
20050524180159	text/html	http://www.ktown213.com:80/pictures/go/051405/1.html
20050525232642	text/html	http://www.ktown213.com:80/pictures/go/051405/2.html
20050525232739	text/html	http://www.ktown213.com:80/pictures/go/051405/3.html
20050609014439	text/html	http://ktown213.com:80/pictures/go/052805/1.html
20040808010905	text/html	http://ktown213.com:80/pictures/go/072404/072404_2.html
20040808011143	text/html	http://ktown213.com:80/pictures/go/072404/072404_3.html
20051118183516	text/html	http://ktown213.com:80/pictures/go/081305/1.html
20051118183544	text/html	http://ktown213.com:80/pictures/go/081905/1.html
20040903075842	text/html	http://www.ktown213.com:80/pictures/go/082504/082504.html
20040903172507	text/html	http://www.ktown213.com:80/pictures/go/082504/082504_2.html
20040903172523	text/html	http://www.ktown213.com:80/pictures/go/082504/082504_3.html
20051118184822	text/html	http://www.ktown213.com:80/pictures/go/091005/1.html
20040917070037	text/html	http://ktown213.com:80/pictures/go/091104/091104.html
20040917122520	text/html	http://ktown213.com:80/pictures/go/091104/091104_2.html
20040917122534	text/html	http://ktown213.com:80/pictures/go/091104/091104_3.html
20051118183610	text/html	http://ktown213.com:80/pictures/go/091705/1.html
20041024114801	text/html	http://www.ktown213.com:80/pictures/go/092504/092504.html
20041024161913	text/html	http://www.ktown213.com:80/pictures/go/092504/092504_2.html
20041024162606	text/html	http://www.ktown213.com:80/pictures/go/092504/092504_3.html
20041024164301	text/html	http://www.ktown213.com:80/pictures/go/092504/092504_4.html
20051013061516	text/html	http://ktown213.com:80/pictures/go/100105/1.html
20051210091740	text/html	http://ktown213.com:80/pictures/go/100105/2.html
20051210094210	text/html	http://ktown213.com:80/pictures/go/100105/3.html
20041024120444	text/html	http://www.ktown213.com:80/pictures/go/100904/100904.html
20041024122805	text/html	http://www.ktown213.com:80/pictures/go/100904/100904_2.html
20041017014957	text/html	http://www.ktown213.com:80/pictures/go/100904/100904_3.html
20041024124418	text/html	http://www.ktown213.com:80/pictures/go/100904/100904_4.html
20041024125402	text/html	http://www.ktown213.com:80/pictures/go/100904/100904_5.html
20041109064748	text/html	http://ktown213.com:80/pictures/go/103004/103004.html
20041112105938	text/html	http://ktown213.com:80/pictures/go/103004/103004_2.html
20041112110734	text/html	http://ktown213.com:80/pictures/go/103004/103004_3.html
20041211182547	text/html	http://ktown213.com:80/pictures/go/112704/1.html
20041215213634	text/html	http://ktown213.com:80/pictures/go/112704/2.html
20041215212920	text/html	http://ktown213.com:80/pictures/go/112704/3.html
20041215213000	text/html	http://ktown213.com:80/pictures/go/112704/4.html
20041215213640	text/html	http://ktown213.com:80/pictures/go/112704/5.html
20041216190057	text/html	http://www.ktown213.com:80/pictures/go/121104/1.html
20041217094536	text/html	http://www.ktown213.com:80/pictures/go/121104/2.html
20041217094123	text/html	http://www.ktown213.com:80/pictures/go/121104/3.html
20050111122620	text/html	http://ktown213.com:80/pictures/go/122504/1.html
20040805174818	text/html	http://ktown213.com:80/pictures/go/fate/fate.html
20051224043507	text/html	http://www.ktown213.com:80/pictures/goglam/121605/1.html
20051224042436	text/html	http://www.ktown213.com:80/pictures/goglam/121605/2.html
20040327034748	text/html	http://ktown213.com:80/pictures/gpyc/bball04.html
20040327035544	text/html	http://ktown213.com:80/pictures/gpyc/bball04_2.html
20031009034055	text/html	http://www.ktown213.com:80/pictures/greenbelt/080303.html
20030920051726	text/html	http://www.ktown213.com:80/pictures/greenbelt/091203.html
20031009040020	text/html	http://www.ktown213.com:80/pictures/greenbelt/092503.html
20031210062908	text/html	http://www.ktown213.com:80/pictures/greenbelt/101803.html
20030812233600	text/html	http://www.ktown213.com:80/pictures/greenbelt/gb.htm
20030724113229	text/html	http://www.ktown213.com:80/pictures/greenbelt/gb070503.html
20041102151610	text/html	http://www.ktown213.com:80/pictures/haroldkumar/movie.html
20031009042306	text/html	http://www.ktown213.com:80/pictures/home/080303.html
20050602011556	text/html	http://ktown213.com:80/pictures/ikandy/042305/1.html
20050602013558	text/html	http://ktown213.com:80/pictures/ikandy/042305/2.html
20051118191803	text/html	http://ktown213.com:80/pictures/ikandy/042305/3.html
20050909153341	text/html	http://www.ktown213.com:80/pictures/inhouse/041405/1.html
20051118192014	text/html	http://www.ktown213.com:80/pictures/inhouse/041405/2.html
20051118192044	text/html	http://www.ktown213.com:80/pictures/inhouse/041405/3.html
20040208014911	text/html	http://www.ktown213.com:80/pictures/intercrew/010204.html
20040206010848	text/html	http://www.ktown213.com:80/pictures/intercrew/013104.html
20030812233515	text/html	http://www.ktown213.com:80/pictures/intercrew/072603.html
20030924073646	text/html	http://www.ktown213.com:80/pictures/jangtuh/parade1.html
20030924075512	text/html	http://www.ktown213.com:80/pictures/jangtuh/parade2.htm
20030925192144	text/html	http://www.ktown213.com:80/pictures/jangtuh/parade3.htm
20041122030807	text/html	http://www.ktown213.com:80/pictures/kollaboration/2004/1.html
20041122031900	text/html	http://www.ktown213.com:80/pictures/kollaboration/2004/2.html
20041215213018	text/html	http://ktown213.com:80/pictures/kollaboration/2004/3.html
20041215213903	text/html	http://ktown213.com:80/pictures/kollaboration/2004/4.html
20041215212817	text/html	http://ktown213.com:80/pictures/kollaboration/2004/5.html
20041215213418	text/html	http://ktown213.com:80/pictures/kollaboration/2004/6.html
20041215213759	text/html	http://ktown213.com:80/pictures/kollaboration/2004/7.html
20051125024338	text/html	http://www.ktown213.com:80/pictures/kollaboration/2005/1.html
20051125022239	text/html	http://www.ktown213.com:80/pictures/kollaboration/2005/2.html
20031101020845	text/html	http://www.ktown213.com:80/pictures/kollaboration/kollab.html
20031101020939	text/html	http://www.ktown213.com:80/pictures/kollaboration/kollab2.html
20031101020737	text/html	http://www.ktown213.com:80/pictures/kollaboration/kollab3.html
20040222134822	text/html	http://www.ktown213.com:80/pictures/kollaboration/kollab4.html
20031101020005	text/html	http://www.ktown213.com:80/pictures/kollaboration/kollab5.html
20031101021421	text/html	http://www.ktown213.com:80/pictures/kollaboration/kollab6.html
20031101020526	text/html	http://www.ktown213.com:80/pictures/kollaboration/kollab7.html
20050507140229	text/html	http://www.ktown213.com:80/pictures/koreanfestival/1.html
20050507164729	text/html	http://www.ktown213.com:80/pictures/koreanfestival/2.html
20040410071630	text/html	http://ktown213.com:80/pictures/leprive/040104.html
20040426002907	text/html	http://www.ktown213.com:80/pictures/leprive/041604.html
20051106015334	text/html	http://ktown213.com:80/pictures/leprive/042305/1.html
20050524180221	text/html	http://www.ktown213.com:80/pictures/leprive/051405/1.html
20040618055859	text/html	http://www.ktown213.com:80/pictures/leprive/061104.html
20040826143332	text/html	http://www.ktown213.com:80/pictures/leprive/082004/082004.html
20041024132726	text/html	http://www.ktown213.com:80/pictures/leprive/092504.html
20031002012251	text/html	http://www.ktown213.com:80/pictures/leprive/092703.html
20041109065515	text/html	http://ktown213.com:80/pictures/leprive/103104/103104.html
20041119005141	text/html	http://www.ktown213.com:80/pictures/leprive/103104/103104_2.html
20041112110934	text/html	http://ktown213.com:80/pictures/leprive/103104/103104_3.html
20040415151405	text/html	http://www.ktown213.com:80/pictures/lifted/012304.html
20040207023736	text/html	http://www.ktown213.com:80/pictures/lifted/012304_2.html
20040207143746	text/html	http://www.ktown213.com:80/pictures/lifted/012304_3.html
20040212084930	text/html	http://www.ktown213.com:80/pictures/lifted/fusion.html
20040212152151	text/html	http://www.ktown213.com:80/pictures/lifted/fusion_2.html
20030924074015	text/html	http://www.ktown213.com:80/pictures/lotus/lotus.html
20050319083940	text/html	http://www.ktown213.com:80/pictures/movement/031105/1.html
20050319145729	text/html	http://www.ktown213.com:80/pictures/movement/031105/2.html
20050319145823	text/html	http://www.ktown213.com:80/pictures/movement/031105/3.html
20050319140847	text/html	http://www.ktown213.com:80/pictures/movement/031105/4.html
20050507053015	text/html	http://ktown213.com:80/pictures/movement/042205/1.html
20051118192124	text/html	http://ktown213.com:80/pictures/movement/042205/2.html
20050524180242	text/html	http://www.ktown213.com:80/pictures/movement/050605/1.html
20050525232813	text/html	http://www.ktown213.com:80/pictures/movement/050605/2.html
20051118192149	text/html	http://ktown213.com:80/pictures/movement/081105/1.html
20051118192213	text/html	http://ktown213.com:80/pictures/movement/081205/1.html
20051118192241	text/html	http://ktown213.com:80/pictures/movement/081805/1.html
20051118192357	text/html	http://www.ktown213.com:80/pictures/movement/090805/1.html
20051118192421	text/html	http://www.ktown213.com:80/pictures/movement/090905/1.html
20051118181647	text/html	http://ktown213.com:80/pictures/movement/091505/1.html
20051118192306	text/html	http://ktown213.com:80/pictures/movement/091605/1.html
20051125024625	text/html	http://www.ktown213.com:80/pictures/movement/111105/1.html
20051125175415	text/html	http://www.ktown213.com:80/pictures/movement/111105/2.html
20051130031508	text/html	http://ktown213.com:80/pictures/movement/111805/1.html
20051130031142	text/html	http://ktown213.com:80/pictures/movement/111805/2.html
20051130032139	text/html	http://ktown213.com:80/pictures/movement/111805/3.html
20051130032112	text/html	http://ktown213.com:80/pictures/movement/111905/1.html
20051130031944	text/html	http://ktown213.com:80/pictures/movement/111905/2.html
20051130031021	text/html	http://ktown213.com:80/pictures/movement/111905/3.html
20040116031453	text/html	http://www.ktown213.com:80/pictures/nadarang/011004.html
20040222062029	text/html	http://www.ktown213.com:80/pictures/nadarang/021304.html
20030812233528	text/html	http://www.ktown213.com:80/pictures/nadarang/070403.html
20030919021254	text/html	http://www.ktown213.com:80/pictures/nadarang/081603.html
20031016003532	text/html	http://www.ktown213.com:80/pictures/nadarang/101103.html
20031213054524	text/html	http://www.ktown213.com:80/pictures/nadarang/120503.html
20050204030855	text/html	http://ktown213.com:80/pictures/nex/010805/1.html
20050207171726	text/html	http://ktown213.com:80/pictures/nex/010805/2.html
20050207172230	text/html	http://ktown213.com:80/pictures/nex/010805/3.html
20050207173036	text/html	http://ktown213.com:80/pictures/nex/010805/4.html
20050207175021	text/html	http://ktown213.com:80/pictures/nex/012205/1.html
20050210065332	text/html	http://ktown213.com:80/pictures/nex/012205/2.html
20050210065350	text/html	http://ktown213.com:80/pictures/nex/012205/3.html
20050212085012	text/html	http://www.ktown213.com:80/pictures/nex/020505/2.html
20050212085115	text/html	http://www.ktown213.com:80/pictures/nex/020505/3.html
20050212085203	text/html	http://www.ktown213.com:80/pictures/nex/020505/4.html
20050224085242	text/html	http://ktown213.com:80/pictures/nex/021105/1.html
20050306012515	text/html	http://www.ktown213.com:80/pictures/nex/021105/2.html
20050306014918	text/html	http://www.ktown213.com:80/pictures/nex/021105/3.html
20050306015405	text/html	http://www.ktown213.com:80/pictures/nex/021105/4.html
20050306015637	text/html	http://www.ktown213.com:80/pictures/nex/021105/5.html
20050301041617	text/html	http://www.ktown213.com:80/pictures/nex/021905/1.html
20050225190816	text/html	http://www.ktown213.com:80/pictures/nex/021905/2.html
20050225190823	text/html	http://www.ktown213.com:80/pictures/nex/021905/3.html
20050319084029	text/html	http://www.ktown213.com:80/pictures/nex/031205/1.html
20050319140944	text/html	http://www.ktown213.com:80/pictures/nex/031205/2.html
20050319141036	text/html	http://www.ktown213.com:80/pictures/nex/031205/3.html
20051118190003	text/html	http://www.ktown213.com:80/pictures/nex/032505/1.html
20050820060932	text/html	http://www.ktown213.com:80/pictures/nex/032505/2.html
20050904130733	text/html	http://www.ktown213.com:80/pictures/nex/041405/1.html
20051118190055	text/html	http://www.ktown213.com:80/pictures/nex/041405/2.html
20050423203056	text/html	http://ktown213.com:80/pictures/nex/041605/1.html
20051118185105	text/html	http://ktown213.com:80/pictures/nex/041605/2.html
20050507135210	text/html	http://www.ktown213.com:80/pictures/nex/042805/1.html
20040811084252	text/html	http://ktown213.com:80/pictures/nex/080704/080704.html
20040811191343	text/html	http://ktown213.com:80/pictures/nex/080704/080704_2.html
20040903075914	text/html	http://www.ktown213.com:80/pictures/nex/082504/082504.html
20040903172526	text/html	http://www.ktown213.com:80/pictures/nex/082504/082504_2.html
20040917031042	text/html	http://ktown213.com:80/pictures/nex/091104/091104.html
20040917070016	text/html	http://ktown213.com:80/pictures/nex/091104/091104_2.html
20040917065957	text/html	http://ktown213.com:80/pictures/nex/091104/091104_3.html
20041024133617	text/html	http://www.ktown213.com:80/pictures/nex/092504/092504.html
20041028161822	text/html	http://ktown213.com:80/pictures/nex/102304/102304.html
20041029062901	text/html	http://ktown213.com:80/pictures/nex/102304/102304_2.html
20041029062759	text/html	http://ktown213.com:80/pictures/nex/102304/102304_3.html
20041211214650	text/html	http://ktown213.com:80/pictures/nex/111904/1.html
20041215212557	text/html	http://ktown213.com:80/pictures/nex/111904/2.html
20041215213414	text/html	http://ktown213.com:80/pictures/nex/111904/3.html
20041215194023	text/html	http://ktown213.com:80/pictures/nex/120404/1.html
20041215040405	text/html	http://www.ktown213.com:80/pictures/nex/120404/2.html
20041215121944	text/html	http://www.ktown213.com:80/pictures/nex/120404/3.html
20041215041638	text/html	http://www.ktown213.com:80/pictures/nex/120404/4.html
20041216190552	text/html	http://www.ktown213.com:80/pictures/nex/121104/1.html
20041217021715	text/html	http://www.ktown213.com:80/pictures/nex/121104/2.html
20041217021912	text/html	http://www.ktown213.com:80/pictures/nex/121104/3.html
20030812233912	text/html	http://www.ktown213.com:80/pictures/nyny/071103.htm
20030826200718	text/html	http://ktown213.com:80/pictures/nyny/081603.html
20031011043600	text/html	http://www.ktown213.com:80/pictures/nyny/100303.html
20041215191431	text/html	http://ktown213.com:80/pictures/on/120304/1.html
20041216032108	text/html	http://ktown213.com:80/pictures/on/120304/2.html
20050111123850	text/html	http://ktown213.com:80/pictures/on/121704/1.html
20050112035124	text/html	http://ktown213.com:80/pictures/on/121704/2.html
20050112035121	text/html	http://ktown213.com:80/pictures/on/121704/3.html
20050112035228	text/html	http://ktown213.com:80/pictures/on/121704/4.html
20040206010348	text/html	http://www.ktown213.com:80/pictures/orchid/020104.html
20050216144351	text/html	http://www.ktown213.com:80/pictures/orchid/021105/1.html
20040222062103	text/html	http://www.ktown213.com:80/pictures/orchid/021304.html
20040805175533	text/html	http://ktown213.com:80/pictures/orchid/073004/073004.html
20040822003200	text/html	http://www.ktown213.com:80/pictures/orchid/073004/073004_3.html
20040101014514	text/html	http://www.ktown213.com:80/pictures/orchid/122603.html
20040808031916	text/html	http://www.ktown213.com:80/pictures/orchid/kg/kg.html
20040808032649	text/html	http://www.ktown213.com:80/pictures/orchid/kg/kg2.html
20040808033745	text/html	http://www.ktown213.com:80/pictures/orchid/kg/kg3.html
20040808115507	text/html	http://www.ktown213.com:80/pictures/orchid/kg/kg4.html
20040808040550	text/html	http://www.ktown213.com:80/pictures/orchid/kg/kg5.html
20040912013738	text/html	http://www.ktown213.com:80/pictures/orchid/taegukki/taegukki.html
20040912074358	text/html	http://www.ktown213.com:80/pictures/orchid/taegukki/taegukki_2.html
20040306175430	text/html	http://www.ktown213.com:80/pictures/phnightlife/022704.html
20040311045308	text/html	http://www.ktown213.com:80/pictures/phnightlife/022704_2.html
20040311045753	text/html	http://www.ktown213.com:80/pictures/phnightlife/022704_3.html
20040510162259	text/html	http://www.ktown213.com:80/pictures/phnightlife/043004.html
20040512152454	text/html	http://www.ktown213.com:80/pictures/phnightlife/043004_2.html
20031218054858	text/html	http://ktown213.com:80/pictures/phnightlife/121203.html
20040423015719	text/html	http://ktown213.com:80/pictures/phnightlife/premiere.html
20040423020042	text/html	http://ktown213.com:80/pictures/phnightlife/premiere2.html
20040423015822	text/html	http://ktown213.com:80/pictures/phnightlife/premiere3.html
20030826200821	text/html	http://ktown213.com:80/pictures/plush/081403_1.html
20030827143443	text/html	http://ktown213.com:80/pictures/plush/081403_2.htm
20030827143621	text/html	http://ktown213.com:80/pictures/plush/081403_3.htm
20030907012319	text/html	http://www.ktown213.com:80/pictures/plush/082803.html
20031102013025	text/html	http://www.ktown213.com:80/pictures/plush/102503.html
20031102012953	text/html	http://www.ktown213.com:80/pictures/plush/102503_2.html
20031102012809	text/html	http://www.ktown213.com:80/pictures/plush/102503_3.html
20031122090852	text/html	http://ktown213.com:80/pictures/plush/110103.html
20031122085339	text/html	http://ktown213.com:80/pictures/plush/110103_2.html
20040207023029	text/html	http://www.ktown213.com:80/pictures/plush/chic.html
20031016003430	text/html	http://www.ktown213.com:80/pictures/plush/chic2.html
20040207023400	text/html	http://www.ktown213.com:80/pictures/plush/chic3.html
20031016002716	text/html	http://www.ktown213.com:80/pictures/plush/chic4.html
20040207144558	text/html	http://www.ktown213.com:80/pictures/plush/chic5.html
20040229053909	text/html	http://www.ktown213.com:80/pictures/pointe/022104.html
20040208014502	text/html	http://www.ktown213.com:80/pictures/pointe/070303.html
20030801192455	text/html	http://www.ktown213.com:80/pictures/pointe/072603.html
20030818000722	text/html	http://ktown213.com:80/pictures/pointe/080703.html
20030829011008	text/html	http://www.ktown213.com:80/pictures/pointe/082303.html
20040208014103	text/html	http://www.ktown213.com:80/pictures/pointe/092503.html
20040206012733	text/html	http://www.ktown213.com:80/pictures/pointe/100203.html
20031202233204	text/html	http://ktown213.com:80/pictures/pointe/103103.html
20031107050030	text/html	http://www.ktown213.com:80/pictures/pointe/103103_2.html
20040206012104	text/html	http://www.ktown213.com:80/pictures/pointe/120503.html
20040101014543	text/html	http://www.ktown213.com:80/pictures/pointe/122403.html
20030712045407	text/html	http://ktown213.com:80/pictures/pointe/pointe.htm
20051125150953	text/html	http://www.ktown213.com:80/pictures/proof/111205/1.html
20051205013756	text/html	http://www.ktown213.com:80/pictures/proof/112605/1.html
20040206011433	text/html	http://www.ktown213.com:80/pictures/random/101103.html
20031009081237	text/html	http://www.ktown213.com:80/pictures/random/random.htm
20051118192333	text/html	http://ktown213.com:80/pictures/redlight/082005/1.html
20030924075441	text/html	http://www.ktown213.com:80/pictures/risque/risque.html
20031118175839	text/html	http://www.ktown213.com:80/pictures/rosen/110703.html
20031122085210	text/html	http://ktown213.com:80/pictures/sema/sema.html
20031122090340	text/html	http://ktown213.com:80/pictures/sema/sema2.html
20031122085004	text/html	http://ktown213.com:80/pictures/sema/sema3.html
20031122084336	text/html	http://ktown213.com:80/pictures/sema/sema4.html
20050224084615	text/html	http://ktown213.com:80/pictures/shine/021805/1.html
20050306100919	text/html	http://www.ktown213.com:80/pictures/shine/021805/2.html
20050306102228	text/html	http://www.ktown213.com:80/pictures/shine/021805/3.html
20050224084621	text/html	http://ktown213.com:80/pictures/shine/022005/1.html
20050306112603	text/html	http://ktown213.com:80/pictures/shine/022605/1.html
20050306143315	text/html	http://ktown213.com:80/pictures/shine/022605/2.html
20050306155505	text/html	http://ktown213.com:80/pictures/shine/022605/3.html
20050311092722	text/html	http://www.ktown213.com:80/pictures/shine/030505/1.html
20050311151235	text/html	http://www.ktown213.com:80/pictures/shine/030505/2.html
20050311151409	text/html	http://www.ktown213.com:80/pictures/shine/030505/3.html
20050327034307	text/html	http://ktown213.com:80/pictures/shine/031905/1.html
20050327072256	text/html	http://ktown213.com:80/pictures/shine/031905/2.html
20050327072336	text/html	http://ktown213.com:80/pictures/shine/031905/3.html
20050806021802	text/html	http://ktown213.com:80/pictures/shine/072905/1.html
20050806022048	text/html	http://ktown213.com:80/pictures/shine/072905/2.html
20050806023612	text/html	http://ktown213.com:80/pictures/shine/072905/3.html
20051118191242	text/html	http://ktown213.com:80/pictures/shine/081205/1.html
20051118191312	text/html	http://ktown213.com:80/pictures/shine/081305/1.html
20051118191342	text/html	http://ktown213.com:80/pictures/shine/082005/1.html
20051118191407	text/html	http://ktown213.com:80/pictures/shine/091605/1.html
20051118191433	text/html	http://ktown213.com:80/pictures/shine/091705/1.html
20051130031841	text/html	http://ktown213.com:80/pictures/shine/111805/1.html
20051130031045	text/html	http://ktown213.com:80/pictures/shine/111805/2.html
20051130031712	text/html	http://ktown213.com:80/pictures/shine/111805/3.html
20051130032045	text/html	http://ktown213.com:80/pictures/shine/111805/4.html
20051130031744	text/html	http://ktown213.com:80/pictures/shine/111805/5.html
20051215051617	text/html	http://www.ktown213.com:80/pictures/shine/120305/1.html
20051224031243	text/html	http://www.ktown213.com:80/pictures/shine/121705/1.html
20030920051940	text/html	http://www.ktown213.com:80/pictures/shiri/091203.html
20040406011832	text/html	http://www.ktown213.com:80/pictures/stompin/032604.html
20040406005815	text/html	http://www.ktown213.com:80/pictures/stompin/032604_2.html
20040406010940	text/html	http://www.ktown213.com:80/pictures/stompin/032604_3.html
20041017021523	text/html	http://www.ktown213.com:80/pictures/talent/rmc/100904.html
20041024150821	text/html	http://www.ktown213.com:80/pictures/talent/rmc/100904_2.html
20050405213539	text/html	http://www.ktown213.com:80/pictures/todb/1.html
20050406203756	text/html	http://www.ktown213.com:80/pictures/todb/2.html
20050111122701	text/html	http://ktown213.com:80/pictures/twinz/010105/1.html
20050111213545	text/html	http://ktown213.com:80/pictures/twinz/010105/2.html
20050111213500	text/html	http://ktown213.com:80/pictures/twinz/010105/3.html
20050212031227	text/html	http://www.ktown213.com:80/pictures/underworld/020305/1.html
20050212085308	text/html	http://www.ktown213.com:80/pictures/underworld/020305/2.html
20050212085405	text/html	http://www.ktown213.com:80/pictures/underworld/020305/3.html
20050212085503	text/html	http://www.ktown213.com:80/pictures/underworld/020305/4.html
20031209171419	text/html	http://ktown213.com:80/pictures/vegas/112603.html
20040623042538	text/html	http://ktown213.com:80/pictures/velvet/112603.html
20040206013355	text/html	http://www.ktown213.com:80/pictures/velvet/120503.html
20050301073604	text/html	http://www.ktown213.com:80/pictures/visionshock/021805/1.html
20050301012333	text/html	http://www.ktown213.com:80/pictures/visionshock/021805/2.html
20050301013657	text/html	http://www.ktown213.com:80/pictures/visionshock/021805/3.html
20050311093000	text/html	http://www.ktown213.com:80/pictures/visionshock/030405/1.html
20050311151647	text/html	http://www.ktown213.com:80/pictures/visionshock/030405/2.html
20050311151841	text/html	http://www.ktown213.com:80/pictures/visionshock/030405/3.html
20050327034345	text/html	http://ktown213.com:80/pictures/visionshock/031905/1.html
20050327072453	text/html	http://ktown213.com:80/pictures/visionshock/031905/2.html
20050327072508	text/html	http://ktown213.com:80/pictures/visionshock/031905/3.html
20050404012601	text/html	http://www.ktown213.com:80/pictures/visionshock/032505/1.html
20051118193159	text/html	http://www.ktown213.com:80/pictures/visionshock/032505/2.html
20050831221835	text/html	http://www.ktown213.com:80/pictures/visionshock/032505/3.html
20050423205811	text/html	http://ktown213.com:80/pictures/visionshock/041505/1.html
20050423210903	text/html	http://ktown213.com:80/pictures/visionshock/041505/2.html
20051118192900	text/html	http://ktown213.com:80/pictures/visionshock/041505/3.html
20050507181551	text/html	http://ktown213.com:80/pictures/visionshock/042305/1.html
20050507011306	text/html	http://ktown213.com:80/pictures/visionshock/042305/2.html
20051118192926	text/html	http://ktown213.com:80/pictures/visionshock/090205/1.html
20051118192956	text/html	http://ktown213.com:80/pictures/visionshock/091005/1.html
20040430033939	text/html	http://www.ktown213.com:80/pictures/visionshock/ad/041704.html
20031218054721	text/html	http://ktown213.com:80/pictures/visionshock/cinespace/121303.html
20031218061508	text/html	http://ktown213.com:80/pictures/visionshock/cinespace/121303_2.html
20031218060122	text/html	http://ktown213.com:80/pictures/visionshock/cinespace/121303_3.html
20031218054419	text/html	http://ktown213.com:80/pictures/visionshock/cinespace/121303_4.html
20040410070852	text/html	http://ktown213.com:80/pictures/visionshock/forbidden/040304.html
20040410071744	text/html	http://ktown213.com:80/pictures/visionshock/forbidden/040304_2.html
20040410071056	text/html	http://ktown213.com:80/pictures/visionshock/forbidden/040304_3.html
20040410071957	text/html	http://ktown213.com:80/pictures/visionshock/forbidden/040304_4.html
20040410070309	text/html	http://ktown213.com:80/pictures/visionshock/forbidden/040304_5.html
20040125025502	text/html	http://www.ktown213.com:80/pictures/visionshock/joya/011704_1.html
20040125025512	text/html	http://www.ktown213.com:80/pictures/visionshock/joya/011704_2.html
20040125025506	text/html	http://www.ktown213.com:80/pictures/visionshock/joya/011704_3.html
20040710182009	text/html	http://www.ktown213.com:80/pictures/visionshock/joya/062604.html
20040711022902	text/html	http://www.ktown213.com:80/pictures/visionshock/joya/062604_2.html
20040711022929	text/html	http://www.ktown213.com:80/pictures/visionshock/joya/062604_3.html
20031226073752	text/html	http://www.ktown213.com:80/pictures/visionshock/joya/122003.html
20031227012528	text/html	http://www.ktown213.com:80/pictures/visionshock/joya/122003_2.html
20031227012600	text/html	http://www.ktown213.com:80/pictures/visionshock/joya/122003_3.html
20040212085153	text/html	http://www.ktown213.com:80/pictures/visionshock/merci/020704_1.html
20040212152240	text/html	http://www.ktown213.com:80/pictures/visionshock/merci/020704_2.html
20040212152700	text/html	http://www.ktown213.com:80/pictures/visionshock/merci/020704_4.html
20040409043233	text/html	http://www.ktown213.com:80/pictures/visionshock/nacional/032504.html
20040421021334	text/html	http://www.ktown213.com:80/pictures/visionshock/nacional/032504_3.html
20040421021605	text/html	http://www.ktown213.com:80/pictures/visionshock/nacional/032504_4.html
20040410072103	text/html	http://ktown213.com:80/pictures/visionshock/nacional/040104.html
20040410071232	text/html	http://ktown213.com:80/pictures/visionshock/nacional/040104_2.html
20040410071630	text/html	http://ktown213.com:80/pictures/visionshock/nacional/040104_3.html
20040410182730	text/html	http://ktown213.com:80/pictures/visionshock/nacional/040104_4.html
20040430035026	text/html	http://ktown213.com:80/pictures/visionshock/nacional/041504.html
20040430035358	text/html	http://ktown213.com:80/pictures/visionshock/nacional/041504_2.html
20040430035301	text/html	http://ktown213.com:80/pictures/visionshock/nacional/041504_3.html
20040430035037	text/html	http://ktown213.com:80/pictures/visionshock/nacional/041504_4.html
20040430035059	text/html	http://ktown213.com:80/pictures/visionshock/nacional/042204.html
20040430035403	text/html	http://ktown213.com:80/pictures/visionshock/nacional/042204_2.html
20040710182044	text/html	http://www.ktown213.com:80/pictures/visionshock/nacional/062404.html
20040711022944	text/html	http://www.ktown213.com:80/pictures/visionshock/nacional/062404_2.html
20040711022955	text/html	http://www.ktown213.com:80/pictures/visionshock/nacional/062404_3.html
20040711023033	text/html	http://www.ktown213.com:80/pictures/visionshock/nacional/062404_4.html
20040810043234	text/html	http://www.ktown213.com:80/pictures/visionshock/nacional/070804.html
20040810043842	text/html	http://www.ktown213.com:80/pictures/visionshock/nacional/070804_2.html
20040810142047	text/html	http://www.ktown213.com:80/pictures/visionshock/nacional/070804_3.html
20040327033357	text/html	http://www.ktown213.com:80/pictures/visionshock/other/031104.html
20040327034616	text/html	http://www.ktown213.com:80/pictures/visionshock/other/031104_2.html
20040327035525	text/html	http://www.ktown213.com:80/pictures/visionshock/other/031104_3.html
20040806235318	text/html	http://ktown213.com:80/pictures/visionshock/other/071004.html
20040807081038	text/html	http://ktown213.com:80/pictures/visionshock/other/071004_2.html
20040807081211	text/html	http://ktown213.com:80/pictures/visionshock/other/071004_3.html
20040807081613	text/html	http://ktown213.com:80/pictures/visionshock/other/071004_4.html
20040807081937	text/html	http://ktown213.com:80/pictures/visionshock/other/071004_5.html
20040430035348	text/html	http://ktown213.com:80/pictures/visionshock/risque/041004.html
20040430035311	text/html	http://ktown213.com:80/pictures/visionshock/risque/041004_2.html
20040430033954	text/html	http://ktown213.com:80/pictures/visionshock/risque/041004_3.html
20040430035327	text/html	http://ktown213.com:80/pictures/visionshock/risque/041004_4.html
20040430034655	text/html	http://ktown213.com:80/pictures/visionshock/risque/041004_5.html
20040624185520	text/html	http://ktown213.com:80/pictures/visionshock/risque/061904.html
20040624223630	text/html	http://ktown213.com:80/pictures/visionshock/risque/061904_2.html
20040624223655	text/html	http://ktown213.com:80/pictures/visionshock/risque/061904_3.html
20040624223713	text/html	http://ktown213.com:80/pictures/visionshock/risque/061904_4.html
20040624223738	text/html	http://ktown213.com:80/pictures/visionshock/risque/061904_5.html
20040101014407	text/html	http://www.ktown213.com:80/pictures/visionshock/risque/122703.html
20040101014751	text/html	http://www.ktown213.com:80/pictures/visionshock/risque/122703_2.html
20040101014823	text/html	http://www.ktown213.com:80/pictures/visionshock/risque/122703_3.html
20040101014440	text/html	http://www.ktown213.com:80/pictures/visionshock/risque/122703_4.html
20040116031510	text/html	http://ktown213.com:80/pictures/visionshock/show/011004_1.html
20040206012705	text/html	http://www.ktown213.com:80/pictures/visionshock/show/011004_2.html
20040116031526	text/html	http://www.ktown213.com:80/pictures/visionshock/show/011004_3.html
20040206012429	text/html	http://www.ktown213.com:80/pictures/visionshock/show/011004_4.html
20040206011544	text/html	http://www.ktown213.com:80/pictures/visionshock/show/011004_5.html
20040221042308	text/html	http://www.ktown213.com:80/pictures/visionshock/show/021504_3.html
20040208013158	text/html	http://www.ktown213.com:80/pictures/visionshock/soiree/010104_1.html
20040208013927	text/html	http://www.ktown213.com:80/pictures/visionshock/soiree/010104_2.html
20040208012541	text/html	http://www.ktown213.com:80/pictures/visionshock/soiree/010104_3.html
20040208014856	text/html	http://www.ktown213.com:80/pictures/visionshock/soiree/010104_4.html
20040208013207	text/html	http://www.ktown213.com:80/pictures/visionshock/soiree/010104_5.html
20031011043140	text/html	http://www.ktown213.com:80/pictures/vote/vote.html
20051125022303	text/html	http://www.ktown213.com:80/pictures/whisper/111105/1.html
20051125024149	text/html	http://www.ktown213.com:80/pictures/whisper/111105/2.html
20051224041025	text/html	http://www.ktown213.com:80/pictures/whisper/121605/1.html
20051224042811	text/html	http://www.ktown213.com:80/pictures/whisper/121605/2.html
20040222062345	text/html	http://www.ktown213.com:80/pictures/wilshire/021304.html
20040227033413	text/html	http://www.ktown213.com:80/pictures/wilshire/022104.html
20040206155555	text/html	http://www.ktown213.com:80/pictures/zip/010104_2.html
20040206160405	text/html	http://www.ktown213.com:80/pictures/zip/010104_3.html
20040206160904	text/html	http://www.ktown213.com:80/pictures/zip/010104_4.html
20040206013535	text/html	http://www.ktown213.com:80/pictures/zip/013004.html
20040327034221	text/html	http://www.ktown213.com:80/pictures/zip/030504.html
20040406021459	text/html	http://ktown213.com:80/pictures/zip/031904.html
20040529015048	text/html	http://www.ktown213.com:80/pictures/zip/043004.html
20040623045601	text/html	http://ktown213.com:80/pictures/zip/052004.html
20030820030919	text/html	http://www.ktown213.com:80/pictures/zip/081603.html
20040327035109	text/html	http://ktown213.com:80/pictures/zip/082203.html
20040327034153	text/html	http://ktown213.com:80/pictures/zip/082903.html
20030920051832	text/html	http://www.ktown213.com:80/pictures/zip/091203.html
20051106020336	text/html	http://ktown213.com:80/pictures/zip/092305/1.html
20031023012336	text/html	http://ktown213.com:80/pictures/zip/101803.html
20051229202827	text/html	http://ktown213.com:80/pictures/zip/121804/1.html
20050110031931	text/html	http://www.ktown213.com:80/pictures/zip/123104/1.html
20050305143620	text/html	http://www.ktown213.com:80/poll.html
20040806235822	text/html	http://ktown213.com:80/pop.html
20041211221134	text/html	http://ktown213.com:80/pop/pop.htm
20050223194949	text/html	http://www.ktown213.com:80/promoters.html
20041001010419	text/html	http://www.ktown213.com:80/rm.htm
20041001012110	text/html	http://ktown213.com:80/rm2.htm
20041028050723	text/html	http://ktown213.com:80/shirt/shirts.htm
20030726135158	text/html	http://ktown213.com:80/spotlights.html
20041103193756	text/html	http://ktown213.com:80/spotlights/film/closecall.html
20041211083022	text/html	http://www.ktown213.com:80/spotlights/film/haroldkumar.html
20041211083616	text/html	http://www.ktown213.com:80/spotlights/film/seoultrain.html
20041211104810	text/html	http://www.ktown213.com:80/spotlights/film/taegukki.html
20040406011725	text/html	http://www.ktown213.com:80/spotlights/ktonian/annie.html
20040101014648	text/html	http://www.ktown213.com:80/spotlights/ktonian/asia.html
20051118191950	text/html	http://ktown213.com:80/spotlights/ktonian/atlast.html
20031107045606	text/html	http://www.ktown213.com:80/spotlights/ktonian/cat.html
20031210063201	text/html	http://www.ktown213.com:80/spotlights/ktonian/chris.html
20050507053913	text/html	http://ktown213.com:80/spotlights/ktonian/djshy.html
20041013131155	text/html	http://www.ktown213.com:80/spotlights/ktonian/elle.html
20040125025519	text/html	http://www.ktown213.com:80/spotlights/ktonian/fm.html
20050311092303	text/html	http://ktown213.com:80/spotlights/ktonian/gracepark.html
20050507135939	text/html	http://ktown213.com:80/spotlights/ktonian/heather.html
20031029020139	text/html	http://www.ktown213.com:80/spotlights/ktonian/jaley.html
20031209174617	text/html	http://ktown213.com:80/spotlights/ktonian/jameschoi.html
20030911170922	text/html	http://www.ktown213.com:80/spotlights/ktonian/kenoak.html
20051118192445	text/html	http://ktown213.com:80/spotlights/ktonian/kristine.html
20040214021210	text/html	http://ktown213.com:80/spotlights/ktonian/ksly.html
20040327034206	text/html	http://www.ktown213.com:80/spotlights/ktonian/kyu.html
20031010233834	text/html	http://www.ktown213.com:80/spotlights/ktonian/martin.htm
20040529015632	text/html	http://www.ktown213.com:80/spotlights/ktonian/maryjane.html
20040411105655	text/html	http://www.ktown213.com:80/spotlights/ktonian/mj.html
20041211080701	text/html	http://www.ktown213.com:80/spotlights/ktonian/nemo.html
20030812235925	text/html	http://www.ktown213.com:80/spotlights/ktonian/nosey.html
20030813000019	text/html	http://www.ktown213.com:80/spotlights/ktonian/pk.htm
20050210065415	text/html	http://www.ktown213.com:80/spotlights/ktonian/richey.html
20041215200938	text/html	http://www.ktown213.com:80/spotlights/ktonian/shinb.html
20041211084040	text/html	http://www.ktown213.com:80/spotlights/ktonian/snacky.html
20051125141314	text/html	http://ktown213.com:80/spotlights/ktonian/steadfast.html
20050111124318	text/html	http://www.ktown213.com:80/spotlights/ktonian/stevenkimband.html
20050925120721	text/html	http://ktown213.com/spotlights/model/02.html
20050925120729	text/html	http://ktown213.com/spotlights/model/03.html
20040327034912	text/html	http://ktown213.com:80/spotlights/model/04.html
20050925120712	text/html	http://ktown213.com/spotlights/model/05.html
20050204045157	text/html	http://www.ktown213.com:80/spotlights/model/allaya.html
20051106020008	text/html	http://ktown213.com:80/spotlights/model/angie.html
20050404041427	text/html	http://ktown213.com:80/spotlights/model/azalei.html
20040206012321	text/html	http://www.ktown213.com:80/spotlights/model/grace.html
20041211110149	text/html	http://www.ktown213.com:80/spotlights/model/jenni.html
20031107052501	text/html	http://www.ktown213.com:80/spotlights/model/jewelk.html
20031010235111	text/html	http://www.ktown213.com:80/spotlights/model/kaila.html
20040327035416	text/html	http://www.ktown213.com:80/spotlights/model/kay.html
20040101014719	text/html	http://www.ktown213.com:80/spotlights/model/lorabel.html
20051118191500	text/html	http://ktown213.com:80/spotlights/model/minhee.html
20051118190327	text/html	http://ktown213.com:80/spotlights/model/najin.html
20041010115128	text/html	http://www.ktown213.com:80/spotlights/model/sally.html
20040205023306	text/html	http://ktown213.com:80/spotlights/model/serena.html
20050311050513	text/html	http://ktown213.com:80/spotlights/model/steph.html
20050507135950	text/html	http://ktown213.com:80/spotlights/model/susan.html
20040406005755	text/html	http://www.ktown213.com:80/spotlights/model/twins.html
20050204121052	text/html	http://www.ktown213.com:80/spotlights/model/ursula.html
20041205035206	text/html	http://www.ktown213.com:80/spotlights/model/yumi.html
20050524180035	text/html	http://ktown213.com:80/spotlights/movieguy/koh.html
20050403222524	text/html	http://ktown213.com:80/spotlights/ride/350z/350z.html
20031030015504	text/html	http://www.ktown213.com:80/spotlights/ride/acura_rsx/rsx.html
20030818000835	text/html	http://ktown213.com:80/spotlights/ride/bug/bug.htm
20041211062320	text/html	http://www.ktown213.com:80/spotlights/ride/debbie_prelude/prelude.html
20051118191637	text/html	http://ktown213.com:80/spotlights/ride/evo/evo.html
20040111015044	text/html	http://www.ktown213.com:80/spotlights/ride/January/
20040420163314	text/html	http://www.ktown213.com:80/spotlights/ride/January/01.html
20040420163619	text/html	http://www.ktown213.com:80/spotlights/ride/January/02.html
20040111015032	text/html	http://www.ktown213.com:80/spotlights/ride/January/03.html
20040420164045	text/html	http://www.ktown213.com:80/spotlights/ride/January/04.html
20040420164209	text/html	http://www.ktown213.com:80/spotlights/ride/January/05.html
20040420170307	text/html	http://www.ktown213.com:80/spotlights/ride/January/06.html
20040420170435	text/html	http://www.ktown213.com:80/spotlights/ride/January/07.html
20040420170719	text/html	http://www.ktown213.com:80/spotlights/ride/January/08.html
20040420171052	text/html	http://www.ktown213.com:80/spotlights/ride/January/09.html
20040420171320	text/html	http://www.ktown213.com:80/spotlights/ride/January/10.html
20040420171642	text/html	http://www.ktown213.com:80/spotlights/ride/January/11.html
20040125025539	text/html	http://www.ktown213.com:80/spotlights/ride/January/12.html
20040420174707	text/html	http://www.ktown213.com:80/spotlights/ride/January/13.html
20040111015020	text/html	http://www.ktown213.com:80/spotlights/ride/January/14.html
20040111015035	text/html	http://www.ktown213.com:80/spotlights/ride/January/15.html
20040420175512	text/html	http://www.ktown213.com:80/spotlights/ride/January/16.html
20040420175706	text/html	http://www.ktown213.com:80/spotlights/ride/January/17.html
20040420175851	text/html	http://www.ktown213.com:80/spotlights/ride/January/18.html
20040420180158	text/html	http://www.ktown213.com:80/spotlights/ride/January/20.html
20040420180554	text/html	http://www.ktown213.com:80/spotlights/ride/January/21.html
20040420180658	text/html	http://www.ktown213.com:80/spotlights/ride/January/22.html
20030924073941	text/html	http://ktown213.com:80/spotlights/ride/julian_is300/is300.htm
20040206012843	text/html	http://ktown213.com:80/spotlights/ride/paulo/2000acura.html
20050111124404	text/html	http://www.ktown213.com:80/spotlights/ride/robert_mr2/mr2.html
20050210065433	text/html	http://www.ktown213.com:80/spotlights/ride/supra/supra.html
20030813000029	text/html	http://www.ktown213.com:80/spotlights/ride/tony.html
20030813000623	text/html	http://www.ktown213.com:80/spotlights/venue/boba.htm
20051118181757	text/html	http://ktown213.com:80/spotlights/venue/damaat.html
20051118191702	text/html	http://ktown213.com:80/spotlights/venue/family.html
20041010143200	text/html	http://www.ktown213.com:80/spotlights/venue/gg.html
20040604024153	text/html	http://ktown213.com:80/spotlights/venue/orchid.html
20030911170651	text/html	http://www.ktown213.com:80/spotlights/venue/zip.html
20030724114034	text/html	http://www.ktown213.com:80/spotlights/waitress/melinda.htm
20041010145147	text/html	http://www.ktown213.com:80/spotlights_model.html
20041013121159	text/html	http://www.ktown213.com:80/spotlights_mrmsktown.html
20041013121705	text/html	http://www.ktown213.com:80/spotlights_rides.html
20041013122356	text/html	http://www.ktown213.com:80/spotlights_venue.html
20031214042847	text/html	http://www.ktown213.com:80/squirrelmail/src/addressbook.php
20030906070820	text/html	http://www.ktown213.com:80/squirrelmail/src/compose.php
20031210071504	text/html	http://www.ktown213.com:80/squirrelmail/src/download.php
20031003063357	text/html	http://www.ktown213.com:80/squirrelmail/src/folders.php
20030911170849	text/html	http://www.ktown213.com:80/squirrelmail/src/image.php
20041028054513	text/html	http://www.ktown213.com:80/squirrelmail/src/left_main.php
20030906071655	text/html	http://www.ktown213.com:80/squirrelmail/src/login.php
20031003063420	text/html	http://www.ktown213.com:80/squirrelmail/src/options.php
20030906072152	text/html	http://www.ktown213.com:80/squirrelmail/src/read_body.php
20030906071012	text/html	http://www.ktown213.com:80/squirrelmail/src/redirect.php
20030906071635	text/html	http://www.ktown213.com:80/squirrelmail/src/right_main.php
20031003064325	text/html	http://www.ktown213.com:80/squirrelmail/src/search.php
20030906070938	text/html	http://www.ktown213.com:80/squirrelmail/src/webmail.php
20050223074847	text/html	http://www.ktown213.com:80/update.htm
