20050306003751	text/css	http://www.ktown213.com:80/img/css/links.css
20030714020424	image/jpeg	http://ktown213.com:80/btns/help.jpg
20030713232552	image/jpeg	http://ktown213.com:80/btns/cyber.jpg
20030714032538	image/jpeg	http://ktown213.com:80/btns/links.jpg
20030713225539	image/jpeg	http://ktown213.com:80/btns/contact.jpg
20200507134528	text/html	http://ktown213.com/pictures/movement/091605/81.jpg
20041213023124	image/jpeg	http://www.ktown213.com:80/articles/img/nkboy.jpg
20200507135208	text/html	http://ktown213.com/pictures/159/082005/47.jpg
20200507135208	text/html	http://ktown213.com/pictures/159/082005/50.jpg
20200507135208	text/html	http://ktown213.com/pictures/159/082005/51.jpg
20200507135211	text/html	http://ktown213.com/pictures/159/082005/53.jpg
20200507135209	text/html	http://ktown213.com/pictures/159/082005/54.jpg
20200507135208	text/html	http://ktown213.com/pictures/159/082005/56.jpg
20200507135209	text/html	http://ktown213.com/pictures/159/082005/58.jpg
20200507135215	text/html	http://ktown213.com/pictures/159/082005/59.jpg
20200507135209	text/html	http://ktown213.com/pictures/159/082005/60.jpg
20200507135215	text/html	http://ktown213.com/pictures/159/082005/68.jpg
20200507135214	text/html	http://ktown213.com/pictures/159/082005/71.jpg
20200507135217	text/html	http://ktown213.com/pictures/159/082005/76.jpg
20030714053116	image/jpeg	http://ktown213.com:80/pictures/bohemian/070403/1.jpg
20030714061017	image/jpeg	http://ktown213.com:80/pictures/bohemian/070403/2.jpg
20030714063108	image/jpeg	http://ktown213.com:80/pictures/bohemian/070403/3.jpg
20030714075910	image/jpeg	http://ktown213.com:80/pictures/bohemian/070403/6.jpg
20030714081629	image/jpeg	http://ktown213.com:80/pictures/bohemian/070403/7.jpg
20100207173822	image/jpeg	http://ktown213.com/pictures/dimension/dimension/IMG_3115.jpg
20100207173754	image/jpeg	http://ktown213.com/pictures/dimension/dimension/IMG_3119.jpg
20100207173717	image/jpeg	http://ktown213.com/pictures/dimension/dimension/IMG_3141.jpg
20100207173802	image/jpeg	http://ktown213.com/pictures/dimension/dimension/IMG_3156.jpg
20030819030207	image/jpeg	http://www.ktown213.com:80/pictures/festival/9.jpg
20030819022039	image/jpeg	http://www.ktown213.com:80/pictures/festival/8.jpg
20030819004125	image/jpeg	http://www.ktown213.com:80/pictures/festival/5.jpg
20200507143016	text/html	http://ktown213.com/pictures/glam/091705/42.jpg
20200507143016	text/html	http://ktown213.com/pictures/glam/091705/43.jpg
20200507132904	text/html	http://www.ktown213.com/pictures/go/050704/680_8011.jpg
20100207191216	image/jpeg	http://ktown213.com/pictures/go/072404/695_9584.jpg
20200507133012	text/html	http://ktown213.com/pictures/go/072404/695_9587.jpg
20200507133008	text/html	http://ktown213.com/pictures/go/072404/695_9588.jpg
20200507133008	text/html	http://ktown213.com/pictures/go/072404/695_9590.jpg
20100207191222	image/jpeg	http://ktown213.com/pictures/go/072404/695_9591.jpg
20200507133008	text/html	http://ktown213.com/pictures/go/072404/695_9593.jpg
20200507133008	text/html	http://ktown213.com/pictures/go/072404/695_9598.jpg
20200507133009	text/html	http://ktown213.com/pictures/go/072404/695_9599.jpg
20200507131524	text/html	http://ktown213.com/pictures/go/091005/41.jpg
20200507131520	text/html	http://ktown213.com/pictures/go/091005/43.jpg
20200507131520	text/html	http://ktown213.com/pictures/go/091005/44.jpg
20200507131524	text/html	http://ktown213.com/pictures/go/091005/45.jpg
20200507131524	text/html	http://ktown213.com/pictures/go/091005/47.jpg
20200507131524	text/html	http://ktown213.com/pictures/go/091005/48.jpg
20200507131530	text/html	http://ktown213.com/pictures/go/091005/49.jpg
20200507131524	text/html	http://ktown213.com/pictures/go/091005/50.jpg
20200507131524	text/html	http://ktown213.com/pictures/go/091005/52.jpg
20200507131530	text/html	http://ktown213.com/pictures/go/091005/54.jpg
20200507131524	text/html	http://ktown213.com/pictures/go/091005/55.jpg
20200507131524	text/html	http://ktown213.com/pictures/go/091005/57.jpg
20200507131524	text/html	http://ktown213.com/pictures/go/091005/60.jpg
20200507131524	text/html	http://ktown213.com/pictures/go/091005/61.jpg
20200507131525	text/html	http://ktown213.com/pictures/go/091005/62.jpg
20200507131525	text/html	http://ktown213.com/pictures/go/091005/64.jpg
20200507131529	text/html	http://ktown213.com/pictures/go/091005/65.jpg
20200507131526	text/html	http://ktown213.com/pictures/go/091005/68.jpg
20200507131525	text/html	http://ktown213.com/pictures/go/091005/69.jpg
20200507131530	text/html	http://ktown213.com/pictures/go/091005/70.jpg
20200507131530	text/html	http://ktown213.com/pictures/go/091005/73.jpg
20200507131530	text/html	http://ktown213.com/pictures/go/091005/75.jpg
20200507131529	text/html	http://ktown213.com/pictures/go/091005/76.jpg
20200507131530	text/html	http://ktown213.com/pictures/go/091005/77.jpg
20200507131530	text/html	http://ktown213.com/pictures/go/091005/79.jpg
20200507131530	text/html	http://ktown213.com/pictures/go/091005/80.jpg
20200507131530	text/html	http://ktown213.com/pictures/go/091005/81.jpg
20200507131530	text/html	http://ktown213.com/pictures/go/091005/82.jpg
20200507131530	text/html	http://ktown213.com/pictures/go/091005/83.jpg
20200507131524	text/html	http://ktown213.com/pictures/go/091005/85.jpg
20200507131530	text/html	http://ktown213.com/pictures/go/091005/86.jpg
20200507131530	text/html	http://ktown213.com/pictures/go/091005/89.jpg
20200507131530	text/html	http://ktown213.com/pictures/go/091005/90.jpg
20200507131524	text/html	http://ktown213.com/pictures/go/091005/92.jpg
20200507131530	text/html	http://ktown213.com/pictures/go/091005/93.jpg
20200507133328	text/html	http://ktown213.com/pictures/go/fate/698_9862.jpg
20200507133329	text/html	http://ktown213.com/pictures/go/fate/698_9866.jpg
20200507133329	text/html	http://ktown213.com/pictures/go/fate/698_9867.jpg
20200507133329	text/html	http://ktown213.com/pictures/go/fate/698_9868.jpg
20200507133330	text/html	http://ktown213.com/pictures/go/fate/698_9870.jpg
20200507133329	text/html	http://ktown213.com/pictures/go/fate/698_9871.jpg
20200507133330	text/html	http://ktown213.com/pictures/go/fate/698_9872.jpg
20200507133330	text/html	http://ktown213.com/pictures/go/fate/698_9876.jpg
20200507133329	text/html	http://ktown213.com/pictures/go/fate/698_9877.jpg
20200507133330	text/html	http://ktown213.com/pictures/go/fate/698_9879.jpg
20200507133335	text/html	http://ktown213.com/pictures/go/fate/698_9880.jpg
20200507133329	text/html	http://ktown213.com/pictures/go/fate/698_9881.jpg
20200507133329	text/html	http://ktown213.com/pictures/go/fate/698_9884.jpg
20200507133330	text/html	http://ktown213.com/pictures/go/fate/698_9887.jpg
20200507135609	text/html	http://ktown213.com/pictures/ikandy/042305/22.jpg
20200507135637	text/html	http://ktown213.com/pictures/ikandy/042305/64.jpg
20250325073008	text/html	http://ktown213.com/pictures/leprive/103104/719_1925.jpg
20200507134545	text/html	http://ktown213.com/pictures/movement/091605/86.jpg
20200507134546	text/html	http://ktown213.com/pictures/movement/091605/88.jpg
20200507134546	text/html	http://ktown213.com/pictures/movement/091605/93.jpg
20200507134550	text/html	http://ktown213.com/pictures/movement/091605/95.jpg
20200507134546	text/html	http://ktown213.com/pictures/movement/091605/96.jpg
20200507134546	text/html	http://ktown213.com/pictures/movement/091605/97.jpg
20200507134551	text/html	http://ktown213.com/pictures/movement/091605/102.jpg
20200507134546	text/html	http://ktown213.com/pictures/movement/091605/103.jpg
20200507134547	text/html	http://ktown213.com/pictures/movement/091605/105.jpg
20200507134551	text/html	http://ktown213.com/pictures/movement/091605/106.jpg
20200507134546	text/html	http://ktown213.com/pictures/movement/091605/107.jpg
20200507134547	text/html	http://ktown213.com/pictures/movement/091605/108.jpg
20200507134547	text/html	http://ktown213.com/pictures/movement/091605/109.jpg
20200507134551	text/html	http://ktown213.com/pictures/movement/091605/110.jpg
20200507134547	text/html	http://ktown213.com/pictures/movement/091605/111.jpg
20200507134547	text/html	http://ktown213.com/pictures/movement/091605/115.jpg
20200507134551	text/html	http://ktown213.com/pictures/movement/091605/118.jpg
20200507134549	text/html	http://ktown213.com/pictures/movement/091605/121.jpg
20200507134548	text/html	http://ktown213.com/pictures/movement/091605/122.jpg
20200507134551	text/html	http://ktown213.com/pictures/movement/091605/124.jpg
20200507134525	text/html	http://ktown213.com/pictures/movement/091605/43.jpg
20200507134525	text/html	http://ktown213.com/pictures/movement/091605/47.jpg
20200507134526	text/html	http://ktown213.com/pictures/movement/091605/48.jpg
20200507134526	text/html	http://ktown213.com/pictures/movement/091605/49.jpg
20200507134525	text/html	http://ktown213.com/pictures/movement/091605/51.jpg
20200507134528	text/html	http://ktown213.com/pictures/movement/091605/52.jpg
20200507134526	text/html	http://ktown213.com/pictures/movement/091605/55.jpg
20200507134526	text/html	http://ktown213.com/pictures/movement/091605/57.jpg
20200507134529	text/html	http://ktown213.com/pictures/movement/091605/58.jpg
20200507134525	text/html	http://ktown213.com/pictures/movement/091605/59.jpg
20200507134527	text/html	http://ktown213.com/pictures/movement/091605/61.jpg
20200507134526	text/html	http://ktown213.com/pictures/movement/091605/62.jpg
20200507134526	text/html	http://ktown213.com/pictures/movement/091605/63.jpg
20200507134527	text/html	http://ktown213.com/pictures/movement/091605/67.jpg
20200507134527	text/html	http://ktown213.com/pictures/movement/091605/73.jpg
20200507134529	text/html	http://ktown213.com/pictures/movement/091605/74.jpg
20200507134528	text/html	http://ktown213.com/pictures/movement/091605/75.jpg
20200507134528	text/html	http://ktown213.com/pictures/movement/091605/76.jpg
20200507134528	text/html	http://ktown213.com/pictures/movement/091605/78.jpg
20041213032411	image/jpeg	http://ktown213.com:80/pictures/nex/111904/02.jpg
20041213030349	image/jpeg	http://ktown213.com:80/pictures/nex/111904/01.jpg
20041213023345	image/jpeg	http://ktown213.com:80/pictures/nex/111904/03.jpg
20041213041058	image/jpeg	http://ktown213.com:80/pictures/nex/111904/04.jpg
20041213042911	image/jpeg	http://ktown213.com:80/pictures/nex/111904/05.jpg
20041213025419	image/jpeg	http://ktown213.com:80/pictures/nex/111904/10.jpg
20041213031053	image/jpeg	http://ktown213.com:80/pictures/nex/111904/11.jpg
20041213035748	image/jpeg	http://ktown213.com:80/pictures/nex/111904/14.jpg
20041213044056	image/jpeg	http://ktown213.com:80/pictures/nex/111904/15.jpg
20041213015941	image/jpeg	http://ktown213.com:80/pictures/nex/111904/19.jpg
20041213024904	image/jpeg	http://ktown213.com:80/pictures/nex/111904/20.jpg
20041213025811	image/jpeg	http://ktown213.com:80/pictures/nex/111904/21.jpg
20030819032826	image/jpeg	http://www.ktown213.com:80/pictures/nyny/071103/Imgp0252.jpg
20030819034742	image/jpeg	http://www.ktown213.com:80/pictures/nyny/071103/Imgp0253.jpg
20200507140720	text/html	http://ktown213.com/pictures/on/120304/07.jpg
20200507140356	text/html	http://ktown213.com/pictures/phnightlife/conga/022704/7.jpg
20250724195906	text/html	http://ktown213.com/pictures/visionshock/ad/041704/IMG_6668.jpg
20250724195906	text/html	http://ktown213.com/pictures/visionshock/ad/041704/IMG_6669.jpg
20250724195906	text/html	http://ktown213.com/pictures/visionshock/ad/041704/IMG_6675.jpg
20250724195906	text/html	http://ktown213.com/pictures/visionshock/ad/041704/IMG_6676.jpg
20250724195907	text/html	http://ktown213.com/pictures/visionshock/ad/041704/IMG_6690.jpg
20060417130228	image/jpeg	http://www.ktown213.com/pictures/visionshock/ad/041704/IMG_6786.jpg
20071218032946	image/jpeg	http://ktown213.com/pictures/zip/010104/654_5479.jpg
20071218033138	image/jpeg	http://ktown213.com/pictures/zip/010104/654_5482.jpg
20071218033251	image/jpeg	http://ktown213.com/pictures/zip/010104/654_5483.jpg
20071218033033	image/jpeg	http://ktown213.com/pictures/zip/010104/654_5476.jpg
20071218033126	image/jpeg	http://ktown213.com/pictures/zip/010104/654_5477.jpg
20071218033017	image/jpeg	http://ktown213.com/pictures/zip/010104/654_5485.jpg
20071218032957	image/jpeg	http://ktown213.com/pictures/zip/010104/654_5486.jpg
20071218033210	image/jpeg	http://ktown213.com/pictures/zip/010104/654_5487.jpg
20071218032912	image/jpeg	http://ktown213.com/pictures/zip/010104/654_5488.jpg
20071218033338	image/jpeg	http://ktown213.com/pictures/zip/010104/654_5490.jpg
20071218033050	image/jpeg	http://ktown213.com/pictures/zip/010104/654_5491.jpg
20071218033358	image/jpeg	http://ktown213.com/pictures/zip/010104/654_5492.jpg
20071218033108	image/jpeg	http://ktown213.com/pictures/zip/010104/654_5494.jpg
20071218033236	image/jpeg	http://ktown213.com/pictures/zip/010104/654_5495.jpg
20071218033416	image/jpeg	http://ktown213.com/pictures/zip/010104/654_5496.jpg
20071218033509	image/jpeg	http://ktown213.com/pictures/zip/010104/654_5497.jpg
20071218032858	image/jpeg	http://ktown213.com/pictures/zip/010104/654_5498.jpg
20071218033157	image/jpeg	http://ktown213.com/pictures/zip/010104/654_5499.jpg
20071218033446	image/jpeg	http://ktown213.com/pictures/zip/010104/654_5500.jpg
20071218032928	image/jpeg	http://ktown213.com/pictures/zip/010104/655_5501.jpg
20200118164844	text/html	http://www.ktown213.com/images/nemo3.jpg
